condition,site,label_site,wildtype,mutation,protein_chain,protein_site,mut_escape,site_total escape,site_max escape
Z3051,1,299,R,C,E,299,0.02536,0.1343,0.07228
Z3051,1,299,R,K,E,299,0.07228,0.1343,0.07228
Z3051,1,299,R,L,E,299,0.03668,0.1343,0.07228
Z3051,1,299,R,N,E,299,8.02e-06,0.1343,0.07228
Z3051,2,300,L,C,E,300,0.03398,0.06711,0.03398
Z3051,2,300,L,P,E,300,8.835e-06,0.06711,0.03398
Z3051,2,300,L,S,E,300,0.03312,0.06711,0.03398
Z3051,4,302,G,*,E,302,5.501e-05,0.1695,0.04321
Z3051,4,302,G,C,E,302,0.02766,0.1695,0.04321
Z3051,4,302,G,N,E,302,0.0408,0.1695,0.04321
Z3051,4,302,G,P,E,302,0.04321,0.1695,0.04321
Z3051,4,302,G,V,E,302,0.03037,0.1695,0.04321
Z3051,4,302,G,W,E,302,0.02744,0.1695,0.04321
Z3051,5,303,V,L,E,303,0.0333,0.0333,0.0333
Z3051,6,304,S,G,E,304,0.0227,0.05941,0.03669
Z3051,6,304,S,H,E,304,0.03669,0.05941,0.03669
Z3051,6,304,S,L,E,304,1.347e-05,0.05941,0.03669
Z3051,7,305,Y,Q,E,305,0.03874,0.03897,0.03874
Z3051,7,305,Y,V,E,305,0.0002298,0.03897,0.03874
Z3051,8,306,S,E,E,306,0.04379,0.06846,0.04379
Z3051,8,306,S,L,E,306,0.02467,0.06846,0.04379
Z3051,9,307,L,E,E,307,0.1245,0.1607,0.1245
Z3051,9,307,L,M,E,307,0.01139,0.1607,0.1245
Z3051,9,307,L,R,E,307,0.00648,0.1607,0.1245
Z3051,9,307,L,V,E,307,0.0183,0.1607,0.1245
Z3051,11,309,T,M,E,309,0.6349,2.539,1
Z3051,11,309,T,N,E,309,0.9043,2.539,1
Z3051,11,309,T,Q,E,309,1,2.539,1
Z3051,12,310,A,V,E,310,0.0001203,0.0001203,0.0001203
Z3051,13,311,A,L,E,311,0.08511,0.1166,0.08511
Z3051,13,311,A,S,E,311,0.03151,0.1166,0.08511
Z3051,14,312,F,I,E,312,0.001215,0.00137,0.001215
Z3051,14,312,F,R,E,312,0.0001552,0.00137,0.001215
Z3051,15,313,T,C,E,313,0.01546,0.1452,0.04065
Z3051,15,313,T,F,E,313,0.0002057,0.1452,0.04065
Z3051,15,313,T,K,E,313,0.04065,0.1452,0.04065
Z3051,15,313,T,L,E,313,0.03175,0.1452,0.04065
Z3051,15,313,T,S,E,313,0.02748,0.1452,0.04065
Z3051,15,313,T,V,E,313,0.02969,0.1452,0.04065
Z3051,16,314,F,N,E,314,0.009065,0.00916,0.009065
Z3051,16,314,F,Q,E,314,9.462e-05,0.00916,0.009065
Z3051,17,315,T,E,E,315,3.312e-05,3.312e-05,3.312e-05
Z3051,18,316,K,I,E,316,2.198e-06,5.193e-05,2.978e-05
Z3051,18,316,K,R,E,316,2.978e-05,5.193e-05,2.978e-05
Z3051,18,316,K,S,E,316,1.505e-05,5.193e-05,2.978e-05
Z3051,18,316,K,T,E,316,4.906e-06,5.193e-05,2.978e-05
Z3051,20,318,P,F,E,318,7.426e-06,0.009752,0.009742
Z3051,20,318,P,L,E,318,0.009742,0.009752,0.009742
Z3051,20,318,P,N,E,318,2.867e-06,0.009752,0.009742
Z3051,21,319,A,E,E,319,8.239e-07,8.89e-06,4.064e-06
Z3051,21,319,A,N,E,319,4.064e-06,8.89e-06,4.064e-06
Z3051,21,319,A,S,E,319,4.001e-06,8.89e-06,4.064e-06
Z3051,22,320,E,F,E,320,0.0001182,0.005471,0.005353
Z3051,22,320,E,L,E,320,0.005353,0.005471,0.005353
Z3051,23,321,T,M,E,321,7.452e-06,0.03364,0.03336
Z3051,23,321,T,R,E,321,3.408e-05,0.03364,0.03336
Z3051,23,321,T,S,E,321,0.03336,0.03364,0.03336
Z3051,23,321,T,Y,E,321,0.0002304,0.03364,0.03336
Z3051,25,323,H,E,E,323,0.003196,0.003196,0.003196
Z3051,26,324,G,C,E,324,0.002045,0.02042,0.01838
Z3051,26,324,G,S,E,324,0.01838,0.02042,0.01838
Z3051,27,325,T,H,E,325,0.03186,0.07245,0.03186
Z3051,27,325,T,P,E,325,0.0001075,0.07245,0.03186
Z3051,27,325,T,R,E,325,0.02216,0.07245,0.03186
Z3051,27,325,T,S,E,325,0.01832,0.07245,0.03186
Z3051,28,326,V,*,E,326,2.353e-06,0.09198,0.09198
Z3051,28,326,V,L,E,326,0.09198,0.09198,0.09198
Z3051,29,327,T,S,E,327,5.679e-05,6.902e-05,5.679e-05
Z3051,29,327,T,Y,E,327,1.222e-05,6.902e-05,5.679e-05
Z3051,30,328,V,Y,E,328,0.0005762,0.0005762,0.0005762
Z3051,31,329,E,R,E,329,0.001049,0.001049,0.001049
Z3051,32,330,V,H,E,330,3.037e-05,3.037e-05,3.037e-05
Z3051,33,331,Q,*,E,331,1.508e-05,0.007857,0.007787
Z3051,33,331,Q,L,E,331,0.007787,0.007857,0.007787
Z3051,33,331,Q,T,E,331,5.525e-05,0.007857,0.007787
Z3051,35,333,A,G,E,333,0.04125,0.08245,0.04125
Z3051,35,333,A,R,E,333,0.02222,0.08245,0.04125
Z3051,35,333,A,S,E,333,0.01897,0.08245,0.04125
Z3051,37,335,T,G,E,335,0.02291,0.1119,0.08895
Z3051,37,335,T,L,E,335,0.08895,0.1119,0.08895
Z3051,38,336,D,*,E,336,7.634e-05,0.000294,0.0002177
Z3051,38,336,D,A,E,336,0.0002177,0.000294,0.0002177
Z3051,40,338,P,G,E,338,3.107e-05,7.717e-05,4.609e-05
Z3051,40,338,P,V,E,338,4.609e-05,7.717e-05,4.609e-05
Z3051,42,340,K,A,E,340,0.02664,0.343,0.2771
Z3051,42,340,K,F,E,340,0.03929,0.343,0.2771
Z3051,42,340,K,T,E,340,0.2771,0.343,0.2771
Z3051,43,341,V,C,E,341,6.129e-05,0.0001446,8.333e-05
Z3051,43,341,V,T,E,341,8.333e-05,0.0001446,8.333e-05
Z3051,44,342,P,L,E,342,0.0003623,0.03592,0.03043
Z3051,44,342,P,R,E,342,0.03043,0.03592,0.03043
Z3051,44,342,P,T,E,342,0.005011,0.03592,0.03043
Z3051,44,342,P,V,E,342,0.0001245,0.03592,0.03043
Z3051,45,343,A,I,E,343,0.03069,0.03069,0.03069
Z3051,46,344,Q,F,E,344,0.07931,0.07931,0.07931
Z3051,47,345,M,I,E,345,0.02258,0.04529,0.02272
Z3051,47,345,M,L,E,345,0.02272,0.04529,0.02272
Z3051,48,346,A,E,E,346,3.122e-06,0.06999,0.04566
Z3051,48,346,A,P,E,346,1.711e-05,0.06999,0.04566
Z3051,48,346,A,Q,E,346,0.04566,0.06999,0.04566
Z3051,48,346,A,R,E,346,0.01272,0.06999,0.04566
Z3051,48,346,A,Y,E,346,0.0116,0.06999,0.04566
Z3051,49,347,V,G,E,347,0.03901,0.8261,0.7105
Z3051,49,347,V,M,E,347,0.07534,0.8261,0.7105
Z3051,49,347,V,P,E,347,8.157e-05,0.8261,0.7105
Z3051,49,347,V,R,E,347,2.912e-05,0.8261,0.7105
Z3051,49,347,V,S,E,347,0.001199,0.8261,0.7105
Z3051,49,347,V,W,E,347,0.7105,0.8261,0.7105
Z3051,50,348,D,E,E,348,0.02599,0.07049,0.04448
Z3051,50,348,D,M,E,348,8.627e-06,0.07049,0.04448
Z3051,50,348,D,P,E,348,1.044e-05,0.07049,0.04448
Z3051,50,348,D,S,E,348,0.04448,0.07049,0.04448
Z3051,51,349,M,A,E,349,0.01735,0.05163,0.03427
Z3051,51,349,M,P,E,349,0.03427,0.05163,0.03427
Z3051,52,350,Q,F,E,350,0.0323,0.09797,0.03557
Z3051,52,350,Q,M,E,350,7.18e-05,0.09797,0.03557
Z3051,52,350,Q,S,E,350,0.03003,0.09797,0.03557
Z3051,52,350,Q,V,E,350,0.03557,0.09797,0.03557
Z3051,53,351,T,E,E,351,0.03162,0.117,0.04422
Z3051,53,351,T,F,E,351,0.04115,0.117,0.04422
Z3051,53,351,T,L,E,351,0.04422,0.117,0.04422
Z3051,53,351,T,P,E,351,1.816e-06,0.117,0.04422
Z3051,53,351,T,W,E,351,3.136e-05,0.117,0.04422
Z3051,54,352,L,A,E,352,3.019e-06,0.2085,0.1894
Z3051,54,352,L,G,E,352,0.006365,0.2085,0.1894
Z3051,54,352,L,M,E,352,0.01281,0.2085,0.1894
Z3051,54,352,L,W,E,352,0.1894,0.2085,0.1894
Z3051,55,353,T,I,E,353,0.01268,0.02639,0.01372
Z3051,55,353,T,S,E,353,0.01372,0.02639,0.01372
Z3051,56,354,P,L,E,354,0.03846,0.03856,0.03846
Z3051,56,354,P,R,E,354,0.0001033,0.03856,0.03846
Z3051,57,355,V,E,E,355,5.827e-05,0.008996,0.008886
Z3051,57,355,V,G,E,355,5.25e-05,0.008996,0.008886
Z3051,57,355,V,R,E,355,0.008886,0.008996,0.008886
Z3051,58,356,G,C,E,356,1.57e-05,0.0006835,0.000375
Z3051,58,356,G,L,E,356,0.000375,0.0006835,0.000375
Z3051,58,356,G,R,E,356,0.0002499,0.0006835,0.000375
Z3051,58,356,G,V,E,356,4.282e-05,0.0006835,0.000375
Z3051,59,357,R,H,E,357,0.0001237,0.0001237,0.0001237
Z3051,60,358,L,S,E,358,1.979e-05,0.009479,0.009459
Z3051,60,358,L,V,E,358,0.009459,0.009479,0.009459
Z3051,61,359,I,L,E,359,8.802e-06,8.802e-06,8.802e-06
Z3051,62,360,T,F,E,360,0.01226,0.0123,0.01226
Z3051,62,360,T,L,E,360,3.935e-05,0.0123,0.01226
Z3051,63,361,A,L,E,361,0.05555,0.05555,0.05555
Z3051,64,362,N,W,E,362,0.04055,0.04055,0.04055
Z3051,65,363,P,F,E,363,3.249e-06,6.698e-05,6.085e-05
Z3051,65,363,P,G,E,363,6.085e-05,6.698e-05,6.085e-05
Z3051,65,363,P,Y,E,363,2.878e-06,6.698e-05,6.085e-05
Z3051,66,364,V,M,E,364,0.009837,0.009837,0.009837
Z3051,67,365,I,F,E,365,1.348e-05,2.31e-05,1.348e-05
Z3051,67,365,I,L,E,365,9.619e-06,2.31e-05,1.348e-05
Z3051,68,366,T,G,E,366,1.037e-05,0.02678,0.01161
Z3051,68,366,T,M,E,366,0.01161,0.02678,0.01161
Z3051,68,366,T,R,E,366,0.00454,0.02678,0.01161
Z3051,68,366,T,V,E,366,0.01063,0.02678,0.01161
Z3051,69,367,E,G,E,367,1.548e-06,6.778e-06,2.639e-06
Z3051,69,367,E,L,E,367,2.591e-06,6.778e-06,2.639e-06
Z3051,69,367,E,R,E,367,2.639e-06,6.778e-06,2.639e-06
Z3051,70,368,S,C,E,368,0.0001379,0.0755,0.07536
Z3051,70,368,S,P,E,368,0.07536,0.0755,0.07536
Z3051,71,369,T,A,E,369,0.02648,0.05786,0.03134
Z3051,71,369,T,C,E,369,2.501e-06,0.05786,0.03134
Z3051,71,369,T,K,E,369,0.03134,0.05786,0.03134
Z3051,71,369,T,M,E,369,4.436e-05,0.05786,0.03134
Z3051,72,370,E,F,E,370,0.02706,0.02706,0.02706
Z3051,75,373,K,A,E,373,5.023e-06,3.898e-05,3.396e-05
Z3051,75,373,K,G,E,373,3.396e-05,3.898e-05,3.396e-05
Z3051,76,374,M,C,E,374,4.015e-06,5.44e-05,5.038e-05
Z3051,76,374,M,H,E,374,5.038e-05,5.44e-05,5.038e-05
Z3051,77,375,M,T,E,375,1.816e-05,1.816e-05,1.816e-05
Z3051,78,376,L,M,E,376,2.045e-05,2.045e-05,2.045e-05
Z3051,79,377,E,C,E,377,6.802e-06,0.0004087,0.0003961
Z3051,79,377,E,R,E,377,4.637e-06,0.0004087,0.0003961
Z3051,79,377,E,S,E,377,0.0003961,0.0004087,0.0003961
Z3051,79,377,E,V,E,377,1.161e-06,0.0004087,0.0003961
Z3051,80,378,L,C,E,378,0.0001566,0.001207,0.001009
Z3051,80,378,L,P,E,378,0.001009,0.001207,0.001009
Z3051,80,378,L,V,E,378,4.064e-05,0.001207,0.001009
Z3051,81,379,D,G,E,379,1.949e-05,5.786e-05,3.838e-05
Z3051,81,379,D,S,E,379,3.838e-05,5.786e-05,3.838e-05
Z3051,82,380,P,D,E,380,0.0002177,0.02386,0.02251
Z3051,82,380,P,L,E,380,0.001125,0.02386,0.02251
Z3051,82,380,P,Y,E,380,0.02251,0.02386,0.02251
Z3051,83,381,P,Q,E,381,0.0007579,0.0007579,0.0007579
Z3051,84,382,F,G,E,382,0.02598,0.1078,0.04435
Z3051,84,382,F,Q,E,382,0.03746,0.1078,0.04435
Z3051,84,382,F,R,E,382,0.04435,0.1078,0.04435
Z3051,85,383,G,*,E,383,7.9e-05,0.0001452,7.9e-05
Z3051,85,383,G,H,E,383,6.622e-05,0.0001452,7.9e-05
Z3051,86,384,D,M,E,384,0.02247,0.02247,0.02247
Z3051,87,385,S,F,E,385,0.007014,0.007271,0.007014
Z3051,87,385,S,T,E,385,1.593e-05,0.007271,0.007014
Z3051,87,385,S,W,E,385,0.0002415,0.007271,0.007014
Z3051,88,386,Y,R,E,386,0.0002137,0.06497,0.06476
Z3051,88,386,Y,T,E,386,0.06476,0.06497,0.06476
Z3051,89,387,I,T,E,387,9.316e-06,0.02666,0.02659
Z3051,89,387,I,V,E,387,0.02659,0.02666,0.02659
Z3051,89,387,I,Y,E,387,6.399e-05,0.02666,0.02659
Z3051,90,388,V,L,E,388,0.0001124,0.0001124,0.0001124
Z3051,91,389,I,G,E,389,7.341e-05,7.341e-05,7.341e-05
Z3051,92,390,G,M,E,390,9.214e-06,0.0001757,0.0001665
Z3051,92,390,G,S,E,390,0.0001665,0.0001757,0.0001665
Z3051,93,391,V,P,E,391,5.188e-06,0.03692,0.03691
Z3051,93,391,V,S,E,391,0.03691,0.03692,0.03691
Z3051,94,392,G,C,E,392,0.0001467,0.11,0.07226
Z3051,94,392,G,I,E,392,0.07226,0.11,0.07226
Z3051,94,392,G,S,E,392,0.03763,0.11,0.07226
Z3051,95,393,E,R,E,393,1,1.937,1
Z3051,95,393,E,S,E,393,0.9368,1.937,1
Z3051,96,394,K,D,E,394,1,3,1
Z3051,96,394,K,L,E,394,1,3,1
Z3051,96,394,K,N,E,394,1,3,1
Z3051,97,395,K,*,E,395,8.556e-05,0.02982,0.02972
Z3051,97,395,K,G,E,395,1.403e-05,0.02982,0.02972
Z3051,97,395,K,P,E,395,4.661e-06,0.02982,0.02972
Z3051,97,395,K,Q,E,395,0.02972,0.02982,0.02972
Z3051,98,396,I,*,E,396,0.03863,0.05341,0.03863
Z3051,98,396,I,A,E,396,0.01474,0.05341,0.03863
Z3051,98,396,I,G,E,396,3.384e-05,0.05341,0.03863
Z3051,98,396,I,K,E,396,9.265e-06,0.05341,0.03863
Z3051,99,397,T,C,E,397,0.01123,0.01123,0.01123
Z3051,100,398,H,C,E,398,0.05316,0.06902,0.05316
Z3051,100,398,H,I,E,398,2.412e-06,0.06902,0.05316
Z3051,100,398,H,S,E,398,0.01586,0.06902,0.05316
Z3051,101,399,H,L,E,399,0.04571,0.04571,0.04571
Z3051,102,400,W,L,E,400,4.084e-05,0.000226,0.0001813
Z3051,102,400,W,T,E,400,0.0001813,0.000226,0.0001813
Z3051,102,400,W,V,E,400,3.781e-06,0.000226,0.0001813
Z3051,103,401,H,G,E,401,0.009028,0.05053,0.02558
Z3051,103,401,H,N,E,401,0.02558,0.05053,0.02558
Z3051,103,401,H,Q,E,401,0.01593,0.05053,0.02558
Z3051,104,402,R,I,E,402,0.006805,0.0263,0.01129
Z3051,104,402,R,K,E,402,0.008201,0.0263,0.01129
Z3051,104,402,R,N,E,402,0.01129,0.0263,0.01129
Z3051,104,402,R,P,E,402,1.258e-05,0.0263,0.01129
Z3051,105,403,S,E,E,403,0.0199,0.0199,0.0199
Z3051,105,403,S,V,E,403,1.601e-06,0.0199,0.0199
Z3051,106,404,G,L,E,404,0.03013,0.0752,0.03696
Z3051,106,404,G,S,E,404,0.03696,0.0752,0.03696
Z3051,106,404,G,V,E,404,0.008101,0.0752,0.03696
Z3051,107,405,S,C,E,405,2.056e-05,0.1381,0.1086
Z3051,107,405,S,D,E,405,0.0295,0.1381,0.1086
Z3051,107,405,S,E,E,405,0.1086,0.1381,0.1086
Z3051,107,405,S,G,E,405,2.817e-06,0.1381,0.1086
Z3051,108,406,T,C,E,406,0.009076,0.04314,0.03358
Z3051,108,406,T,G,E,406,0.03358,0.04314,0.03358
Z3051,108,406,T,I,E,406,0.0004831,0.04314,0.03358
Z3051,109,407,I,F,E,407,0.03476,0.07132,0.03657
Z3051,109,407,I,G,E,407,0.03657,0.07132,0.03657
