condition,site,site_total_escape_frac_single_mut,max_mut,threshold,median,max,exceed_median,meet_exceed_median,frac_max,meet_frac_max,min_value,meet_min_value,meet_mut_min_value,strong_site,n_strong_sites
Z2029_1000,302,0.2981,0.09656,default,0.02859,0.5334,0.2859,True,0.05334,True,0,True,False,True,3
Z2029_1000,378,0.3427,0.3333,default,0.02859,0.5334,0.2859,True,0.05334,True,0,True,False,True,3
Z2029_1000,398,0.5334,0.3866,default,0.02859,0.5334,0.2859,True,0.05334,True,0,True,False,True,3
Z2039_1000,299,0.2743,0.1324,default,0.02462,0.8619,0.2462,True,0.08619,True,0,True,False,True,4
Z2039_1000,302,0.289,0.102,default,0.02462,0.8619,0.2462,True,0.08619,True,0,True,False,True,4
Z2039_1000,394,0.2664,0.193,default,0.02462,0.8619,0.2462,True,0.08619,True,0,True,False,True,4
Z2039_1000,398,0.8619,0.8139,default,0.02462,0.8619,0.2462,True,0.08619,True,0,True,False,True,4
Z2044_1000,350,1.009,0.8983,default,0.06157,1.009,0.6157,True,0.10089999999999999,True,0,True,False,True,4
Z2044_1000,398,0.743,0.6962,default,0.06157,1.009,0.6157,True,0.10089999999999999,True,0,True,False,True,4
Z2044_1000,399,0.6956,0.6956,default,0.06157,1.009,0.6157,True,0.10089999999999999,True,0,True,False,True,4
Z2044_1000,401,0.8166,0.7152,default,0.06157,1.009,0.6157,True,0.10089999999999999,True,0,True,False,True,4
Z2102_1000,309,0.6636,0.5018,default,0.00413,1.284,0.0413,True,0.12840000000000001,True,0,True,False,True,5
Z2102_1000,335,1.284,0.6717,default,0.00413,1.284,0.0413,True,0.12840000000000001,True,0,True,False,True,5
Z2102_1000,368,0.8257,0.5782,default,0.00413,1.284,0.0413,True,0.12840000000000001,True,0,True,False,True,5
Z2102_1000,370,0.6046,0.6046,default,0.00413,1.284,0.0413,True,0.12840000000000001,True,0,True,False,True,5
Z2102_1000,394,0.1672,0.1217,default,0.00413,1.284,0.0413,True,0.12840000000000001,True,0,True,False,True,5
Z2103_1000,309,0.9939,0.5933,default,0.008586,2.833,0.08585999999999999,True,0.28330000000000005,True,0,True,False,True,3
Z2103_1000,393,0.6388,0.6156,default,0.008586,2.833,0.08585999999999999,True,0.28330000000000005,True,0,True,False,True,3
Z2103_1000,394,2.833,1.0,default,0.008586,2.833,0.08585999999999999,True,0.28330000000000005,True,0,True,False,True,3
Z2131_1000,306,1.788,1.0,default,0.03126,1.788,0.31260000000000004,True,0.17880000000000001,True,0,True,False,True,7
Z2131_1000,307,0.3963,0.3346,default,0.03126,1.788,0.31260000000000004,True,0.17880000000000001,True,0,True,False,True,7
Z2131_1000,335,0.7972,0.7283,default,0.03126,1.788,0.31260000000000004,True,0.17880000000000001,True,0,True,False,True,7
Z2131_1000,347,0.4982,0.3701,default,0.03126,1.788,0.31260000000000004,True,0.17880000000000001,True,0,True,False,True,7
Z2131_1000,368,1.429,0.7234,default,0.03126,1.788,0.31260000000000004,True,0.17880000000000001,True,0,True,False,True,7
Z2131_1000,369,0.8822,0.8057,default,0.03126,1.788,0.31260000000000004,True,0.17880000000000001,True,0,True,False,True,7
Z2131_1000,370,0.6203,0.6203,default,0.03126,1.788,0.31260000000000004,True,0.17880000000000001,True,0,True,False,True,7
Z2208_1000,346,1.005,0.7685,default,0.001578,1.005,0.01578,True,0.10049999999999999,True,0,True,False,True,3
Z2208_1000,348,0.4756,0.4645,default,0.001578,1.005,0.01578,True,0.10049999999999999,True,0,True,False,True,3
Z2208_1000,349,0.1114,0.09515,default,0.001578,1.005,0.01578,True,0.10049999999999999,True,0,True,False,True,3
Z2212_1000,316,2.0,1.0,default,6.402e-05,2.0,0.0006402000000000001,True,0.2,True,0,True,False,True,2
Z2212_1000,318,0.657,0.5399,default,6.402e-05,2.0,0.0006402000000000001,True,0.2,True,0,True,False,True,2
Z3022_1000,333,0.2798,0.2742,default,1.761e-05,0.8974,0.0001761,True,0.08974,True,0,True,False,True,4
Z3022_1000,335,0.3899,0.3863,default,1.761e-05,0.8974,0.0001761,True,0.08974,True,0,True,False,True,4
Z3022_1000,370,0.3922,0.3922,default,1.761e-05,0.8974,0.0001761,True,0.08974,True,0,True,False,True,4
Z3022_1000,394,0.8974,0.8887,default,1.761e-05,0.8974,0.0001761,True,0.08974,True,0,True,False,True,4
Z3039_1000,302,0.2247,0.08159,default,0.01992,0.2498,0.1992,True,0.024980000000000002,True,0,True,False,True,3
Z3039_1000,304,0.2498,0.1541,default,0.01992,0.2498,0.1992,True,0.024980000000000002,True,0,True,False,True,3
Z3039_1000,394,0.2336,0.1035,default,0.01992,0.2498,0.1992,True,0.024980000000000002,True,0,True,False,True,3
Z3051_1000,309,2.539,1.0,default,0.02678,3.0,0.26780000000000004,True,0.30000000000000004,True,0,True,False,True,5
Z3051_1000,340,0.343,0.2771,default,0.02678,3.0,0.26780000000000004,True,0.30000000000000004,True,0,True,False,True,5
Z3051_1000,347,0.8261,0.7105,default,0.02678,3.0,0.26780000000000004,True,0.30000000000000004,True,0,True,False,True,5
Z3051_1000,393,1.937,1.0,default,0.02678,3.0,0.26780000000000004,True,0.30000000000000004,True,0,True,False,True,5
Z3051_1000,394,3.0,1.0,default,0.02678,3.0,0.26780000000000004,True,0.30000000000000004,True,0,True,False,True,5
Z6147_1000,344,0.4312,0.4312,default,0.00106,4.0,0.0106,True,0.4,True,0,True,False,True,8
Z6147_1000,347,4.0,1.0,default,0.00106,4.0,0.0106,True,0.4,True,0,True,False,True,8
Z6147_1000,348,1.11,1.0,default,0.00106,4.0,0.0106,True,0.4,True,0,True,False,True,8
Z6147_1000,349,1.005,1.0,default,0.00106,4.0,0.0106,True,0.4,True,0,True,False,True,8
Z6147_1000,369,1.035,1.0,default,0.00106,4.0,0.0106,True,0.4,True,0,True,False,True,8
Z6147_1000,386,0.6832,0.6829,default,0.00106,4.0,0.0106,True,0.4,True,0,True,False,True,8
Z6147_1000,398,0.7727,0.7266,default,0.00106,4.0,0.0106,True,0.4,True,0,True,False,True,8
Z6147_1000,399,1.0,1.0,default,0.00106,4.0,0.0106,True,0.4,True,0,True,False,True,8
Z6161_1000,331,0.4199,0.4199,default,0.02926,1.0,0.2926,True,0.1,True,0,True,False,True,2
Z6161_1000,355,1.0,1.0,default,0.02926,1.0,0.2926,True,0.1,True,0,True,False,True,2
Z6163_1000,302,0.2389,0.1018,default,0.01764,1.01,0.1764,True,0.101,True,0,True,False,True,6
Z6163_1000,307,0.2297,0.1798,default,0.01764,1.01,0.1764,True,0.101,True,0,True,False,True,6
Z6163_1000,309,0.1984,0.1337,default,0.01764,1.01,0.1764,True,0.101,True,0,True,False,True,6
Z6163_1000,342,1.01,1.0,default,0.01764,1.01,0.1764,True,0.101,True,0,True,False,True,6
Z6163_1000,350,0.2092,0.149,default,0.01764,1.01,0.1764,True,0.101,True,0,True,False,True,6
Z6163_1000,403,0.206,0.2049,default,0.01764,1.01,0.1764,True,0.101,True,0,True,False,True,6
ZV67_1000,311,0.2465,0.2451,default,1.608e-05,1.449,0.00016079999999999998,True,0.1449,True,0,True,False,True,3
ZV67_1000,370,0.3114,0.3114,default,1.608e-05,1.449,0.00016079999999999998,True,0.1449,True,0,True,False,True,3
ZV67_1000,394,1.449,0.5443,default,1.608e-05,1.449,0.00016079999999999998,True,0.1449,True,0,True,False,True,3
Z2029_1000,302,0.2981,0.09656,sensitive,0.02859,0.5334,0.14295,True,0.02667,True,0,True,False,True,10
Z2029_1000,304,0.2046,0.1293,sensitive,0.02859,0.5334,0.14295,True,0.02667,True,0,True,False,True,10
Z2029_1000,313,0.2505,0.07505,sensitive,0.02859,0.5334,0.14295,True,0.02667,True,0,True,False,True,10
Z2029_1000,347,0.19,0.1092,sensitive,0.02859,0.5334,0.14295,True,0.02667,True,0,True,False,True,10
Z2029_1000,349,0.1537,0.1224,sensitive,0.02859,0.5334,0.14295,True,0.02667,True,0,True,False,True,10
Z2029_1000,351,0.1467,0.05922,sensitive,0.02859,0.5334,0.14295,True,0.02667,True,0,True,False,True,10
Z2029_1000,378,0.3427,0.3333,sensitive,0.02859,0.5334,0.14295,True,0.02667,True,0,True,False,True,10
Z2029_1000,386,0.1773,0.1769,sensitive,0.02859,0.5334,0.14295,True,0.02667,True,0,True,False,True,10
Z2029_1000,398,0.5334,0.3866,sensitive,0.02859,0.5334,0.14295,True,0.02667,True,0,True,False,True,10
Z2029_1000,406,0.2055,0.09467,sensitive,0.02859,0.5334,0.14295,True,0.02667,True,0,True,False,True,10
Z2039_1000,299,0.2743,0.1324,sensitive,0.02462,0.8619,0.1231,True,0.043095,True,0,True,False,True,12
Z2039_1000,302,0.289,0.102,sensitive,0.02462,0.8619,0.1231,True,0.043095,True,0,True,False,True,12
Z2039_1000,304,0.1304,0.07852,sensitive,0.02462,0.8619,0.1231,True,0.043095,True,0,True,False,True,12
Z2039_1000,307,0.1762,0.06054,sensitive,0.02462,0.8619,0.1231,True,0.043095,True,0,True,False,True,12
Z2039_1000,311,0.1389,0.08977,sensitive,0.02462,0.8619,0.1231,True,0.043095,True,0,True,False,True,12
Z2039_1000,313,0.22,0.07952,sensitive,0.02462,0.8619,0.1231,True,0.043095,True,0,True,False,True,12
Z2039_1000,349,0.2232,0.1486,sensitive,0.02462,0.8619,0.1231,True,0.043095,True,0,True,False,True,12
Z2039_1000,394,0.2664,0.193,sensitive,0.02462,0.8619,0.1231,True,0.043095,True,0,True,False,True,12
Z2039_1000,395,0.2067,0.2064,sensitive,0.02462,0.8619,0.1231,True,0.043095,True,0,True,False,True,12
Z2039_1000,396,0.2062,0.1373,sensitive,0.02462,0.8619,0.1231,True,0.043095,True,0,True,False,True,12
Z2039_1000,398,0.8619,0.8139,sensitive,0.02462,0.8619,0.1231,True,0.043095,True,0,True,False,True,12
Z2039_1000,407,0.1334,0.09033,sensitive,0.02462,0.8619,0.1231,True,0.043095,True,0,True,False,True,12
Z2044_1000,302,0.399,0.1189,sensitive,0.06157,1.009,0.30785,True,0.050449999999999995,True,0,True,False,True,9
Z2044_1000,304,0.5955,0.3811,sensitive,0.06157,1.009,0.30785,True,0.050449999999999995,True,0,True,False,True,9
Z2044_1000,313,0.366,0.1745,sensitive,0.06157,1.009,0.30785,True,0.050449999999999995,True,0,True,False,True,9
Z2044_1000,320,0.5048,0.5014,sensitive,0.06157,1.009,0.30785,True,0.050449999999999995,True,0,True,False,True,9
Z2044_1000,350,1.009,0.8983,sensitive,0.06157,1.009,0.30785,True,0.050449999999999995,True,0,True,False,True,9
Z2044_1000,398,0.743,0.6962,sensitive,0.06157,1.009,0.30785,True,0.050449999999999995,True,0,True,False,True,9
Z2044_1000,399,0.6956,0.6956,sensitive,0.06157,1.009,0.30785,True,0.050449999999999995,True,0,True,False,True,9
Z2044_1000,401,0.8166,0.7152,sensitive,0.06157,1.009,0.30785,True,0.050449999999999995,True,0,True,False,True,9
Z2044_1000,405,0.47,0.289,sensitive,0.06157,1.009,0.30785,True,0.050449999999999995,True,0,True,False,True,9
Z2102_1000,309,0.6636,0.5018,sensitive,0.00413,1.284,0.02065,True,0.06420000000000001,True,0,True,False,True,6
Z2102_1000,335,1.284,0.6717,sensitive,0.00413,1.284,0.02065,True,0.06420000000000001,True,0,True,False,True,6
Z2102_1000,368,0.8257,0.5782,sensitive,0.00413,1.284,0.02065,True,0.06420000000000001,True,0,True,False,True,6
Z2102_1000,370,0.6046,0.6046,sensitive,0.00413,1.284,0.02065,True,0.06420000000000001,True,0,True,False,True,6
Z2102_1000,394,0.1672,0.1217,sensitive,0.00413,1.284,0.02065,True,0.06420000000000001,True,0,True,False,True,6
Z2102_1000,406,0.09895,0.09499,sensitive,0.00413,1.284,0.02065,True,0.06420000000000001,True,0,True,False,True,6
Z2103_1000,307,0.2774,0.1903,sensitive,0.008586,2.833,0.042929999999999996,True,0.14165000000000003,True,0,True,False,True,5
Z2103_1000,309,0.9939,0.5933,sensitive,0.008586,2.833,0.042929999999999996,True,0.14165000000000003,True,0,True,False,True,5
Z2103_1000,366,0.2435,0.2423,sensitive,0.008586,2.833,0.042929999999999996,True,0.14165000000000003,True,0,True,False,True,5
Z2103_1000,393,0.6388,0.6156,sensitive,0.008586,2.833,0.042929999999999996,True,0.14165000000000003,True,0,True,False,True,5
Z2103_1000,394,2.833,1.0,sensitive,0.008586,2.833,0.042929999999999996,True,0.14165000000000003,True,0,True,False,True,5
Z2131_1000,306,1.788,1.0,sensitive,0.03126,1.788,0.15630000000000002,True,0.08940000000000001,True,0,True,False,True,9
Z2131_1000,307,0.3963,0.3346,sensitive,0.03126,1.788,0.15630000000000002,True,0.08940000000000001,True,0,True,False,True,9
Z2131_1000,314,0.2407,0.2402,sensitive,0.03126,1.788,0.15630000000000002,True,0.08940000000000001,True,0,True,False,True,9
Z2131_1000,335,0.7972,0.7283,sensitive,0.03126,1.788,0.15630000000000002,True,0.08940000000000001,True,0,True,False,True,9
Z2131_1000,347,0.4982,0.3701,sensitive,0.03126,1.788,0.15630000000000002,True,0.08940000000000001,True,0,True,False,True,9
Z2131_1000,352,0.1607,0.08528,sensitive,0.03126,1.788,0.15630000000000002,True,0.08940000000000001,True,0,True,False,True,9
Z2131_1000,368,1.429,0.7234,sensitive,0.03126,1.788,0.15630000000000002,True,0.08940000000000001,True,0,True,False,True,9
Z2131_1000,369,0.8822,0.8057,sensitive,0.03126,1.788,0.15630000000000002,True,0.08940000000000001,True,0,True,False,True,9
Z2131_1000,370,0.6203,0.6203,sensitive,0.03126,1.788,0.15630000000000002,True,0.08940000000000001,True,0,True,False,True,9
Z2208_1000,299,0.07174,0.04086,sensitive,0.001578,1.005,0.00789,True,0.050249999999999996,True,0,True,False,True,8
Z2208_1000,302,0.07155,0.02154,sensitive,0.001578,1.005,0.00789,True,0.050249999999999996,True,0,True,False,True,8
Z2208_1000,306,0.05251,0.03625,sensitive,0.001578,1.005,0.00789,True,0.050249999999999996,True,0,True,False,True,8
Z2208_1000,313,0.08848,0.04297,sensitive,0.001578,1.005,0.00789,True,0.050249999999999996,True,0,True,False,True,8
Z2208_1000,346,1.005,0.7685,sensitive,0.001578,1.005,0.00789,True,0.050249999999999996,True,0,True,False,True,8
Z2208_1000,348,0.4756,0.4645,sensitive,0.001578,1.005,0.00789,True,0.050249999999999996,True,0,True,False,True,8
Z2208_1000,349,0.1114,0.09515,sensitive,0.001578,1.005,0.00789,True,0.050249999999999996,True,0,True,False,True,8
Z2208_1000,394,0.0582,0.0222,sensitive,0.001578,1.005,0.00789,True,0.050249999999999996,True,0,True,False,True,8
Z2212_1000,316,2.0,1.0,sensitive,6.402e-05,2.0,0.00032010000000000003,True,0.1,True,0,True,False,True,2
Z2212_1000,318,0.657,0.5399,sensitive,6.402e-05,2.0,0.00032010000000000003,True,0.1,True,0,True,False,True,2
Z3022_1000,333,0.2798,0.2742,sensitive,1.761e-05,0.8974,8.805e-05,True,0.04487,True,0,True,False,True,4
Z3022_1000,335,0.3899,0.3863,sensitive,1.761e-05,0.8974,8.805e-05,True,0.04487,True,0,True,False,True,4
Z3022_1000,370,0.3922,0.3922,sensitive,1.761e-05,0.8974,8.805e-05,True,0.04487,True,0,True,False,True,4
Z3022_1000,394,0.8974,0.8887,sensitive,1.761e-05,0.8974,8.805e-05,True,0.04487,True,0,True,False,True,4
Z3039_1000,299,0.1615,0.04556,sensitive,0.01992,0.2498,0.0996,True,0.012490000000000001,True,0,True,False,True,16
Z3039_1000,300,0.143,0.08136,sensitive,0.01992,0.2498,0.0996,True,0.012490000000000001,True,0,True,False,True,16
Z3039_1000,302,0.2247,0.08159,sensitive,0.01992,0.2498,0.0996,True,0.012490000000000001,True,0,True,False,True,16
Z3039_1000,304,0.2498,0.1541,sensitive,0.01992,0.2498,0.0996,True,0.012490000000000001,True,0,True,False,True,16
Z3039_1000,306,0.1311,0.1046,sensitive,0.01992,0.2498,0.0996,True,0.012490000000000001,True,0,True,False,True,16
Z3039_1000,313,0.1819,0.05813,sensitive,0.01992,0.2498,0.0996,True,0.012490000000000001,True,0,True,False,True,16
Z3039_1000,333,0.1143,0.05859,sensitive,0.01992,0.2498,0.0996,True,0.012490000000000001,True,0,True,False,True,16
Z3039_1000,340,0.1444,0.06929,sensitive,0.01992,0.2498,0.0996,True,0.012490000000000001,True,0,True,False,True,16
Z3039_1000,347,0.1479,0.06675,sensitive,0.01992,0.2498,0.0996,True,0.012490000000000001,True,0,True,False,True,16
Z3039_1000,350,0.1508,0.07142,sensitive,0.01992,0.2498,0.0996,True,0.012490000000000001,True,0,True,False,True,16
Z3039_1000,355,0.107,0.1069,sensitive,0.01992,0.2498,0.0996,True,0.012490000000000001,True,0,True,False,True,16
Z3039_1000,394,0.2336,0.1035,sensitive,0.01992,0.2498,0.0996,True,0.012490000000000001,True,0,True,False,True,16
Z3039_1000,404,0.1699,0.06638,sensitive,0.01992,0.2498,0.0996,True,0.012490000000000001,True,0,True,False,True,16
Z3039_1000,405,0.1855,0.06787,sensitive,0.01992,0.2498,0.0996,True,0.012490000000000001,True,0,True,False,True,16
Z3039_1000,406,0.1905,0.09864,sensitive,0.01992,0.2498,0.0996,True,0.012490000000000001,True,0,True,False,True,16
Z3039_1000,407,0.1263,0.07493,sensitive,0.01992,0.2498,0.0996,True,0.012490000000000001,True,0,True,False,True,16
Z3051_1000,302,0.1695,0.04321,sensitive,0.02678,3.0,0.13390000000000002,True,0.15000000000000002,True,0,True,False,True,8
Z3051_1000,307,0.1607,0.1245,sensitive,0.02678,3.0,0.13390000000000002,True,0.15000000000000002,True,0,True,False,True,8
Z3051_1000,309,2.539,1.0,sensitive,0.02678,3.0,0.13390000000000002,True,0.15000000000000002,True,0,True,False,True,8
Z3051_1000,340,0.343,0.2771,sensitive,0.02678,3.0,0.13390000000000002,True,0.15000000000000002,True,0,True,False,True,8
Z3051_1000,347,0.8261,0.7105,sensitive,0.02678,3.0,0.13390000000000002,True,0.15000000000000002,True,0,True,False,True,8
Z3051_1000,352,0.2085,0.1894,sensitive,0.02678,3.0,0.13390000000000002,True,0.15000000000000002,True,0,True,False,True,8
Z3051_1000,393,1.937,1.0,sensitive,0.02678,3.0,0.13390000000000002,True,0.15000000000000002,True,0,True,False,True,8
Z3051_1000,394,3.0,1.0,sensitive,0.02678,3.0,0.13390000000000002,True,0.15000000000000002,True,0,True,False,True,8
Z6147_1000,312,0.2033,0.2033,sensitive,0.00106,4.0,0.0053,True,0.2,True,0,True,False,True,10
Z6147_1000,344,0.4312,0.4312,sensitive,0.00106,4.0,0.0053,True,0.2,True,0,True,False,True,10
Z6147_1000,346,0.2142,0.1029,sensitive,0.00106,4.0,0.0053,True,0.2,True,0,True,False,True,10
Z6147_1000,347,4.0,1.0,sensitive,0.00106,4.0,0.0053,True,0.2,True,0,True,False,True,10
Z6147_1000,348,1.11,1.0,sensitive,0.00106,4.0,0.0053,True,0.2,True,0,True,False,True,10
Z6147_1000,349,1.005,1.0,sensitive,0.00106,4.0,0.0053,True,0.2,True,0,True,False,True,10
Z6147_1000,369,1.035,1.0,sensitive,0.00106,4.0,0.0053,True,0.2,True,0,True,False,True,10
Z6147_1000,386,0.6832,0.6829,sensitive,0.00106,4.0,0.0053,True,0.2,True,0,True,False,True,10
Z6147_1000,398,0.7727,0.7266,sensitive,0.00106,4.0,0.0053,True,0.2,True,0,True,False,True,10
Z6147_1000,399,1.0,1.0,sensitive,0.00106,4.0,0.0053,True,0.2,True,0,True,False,True,10
Z6161_1000,299,0.1659,0.05905,sensitive,0.02926,1.0,0.1463,True,0.05,True,0,True,False,True,9
Z6161_1000,300,0.1566,0.08298,sensitive,0.02926,1.0,0.1463,True,0.05,True,0,True,False,True,9
Z6161_1000,302,0.2652,0.06937,sensitive,0.02926,1.0,0.1463,True,0.05,True,0,True,False,True,9
Z6161_1000,304,0.1635,0.1181,sensitive,0.02926,1.0,0.1463,True,0.05,True,0,True,False,True,9
Z6161_1000,313,0.2356,0.1133,sensitive,0.02926,1.0,0.1463,True,0.05,True,0,True,False,True,9
Z6161_1000,331,0.4199,0.4199,sensitive,0.02926,1.0,0.1463,True,0.05,True,0,True,False,True,9
Z6161_1000,347,0.2397,0.1802,sensitive,0.02926,1.0,0.1463,True,0.05,True,0,True,False,True,9
Z6161_1000,350,0.1955,0.09964,sensitive,0.02926,1.0,0.1463,True,0.05,True,0,True,False,True,9
Z6161_1000,355,1.0,1.0,sensitive,0.02926,1.0,0.1463,True,0.05,True,0,True,False,True,9
Z6163_1000,299,0.1076,0.05733,sensitive,0.01764,1.01,0.0882,True,0.0505,True,0,True,False,True,16
Z6163_1000,302,0.2389,0.1018,sensitive,0.01764,1.01,0.0882,True,0.0505,True,0,True,False,True,16
Z6163_1000,307,0.2297,0.1798,sensitive,0.01764,1.01,0.0882,True,0.0505,True,0,True,False,True,16
Z6163_1000,309,0.1984,0.1337,sensitive,0.01764,1.01,0.0882,True,0.0505,True,0,True,False,True,16
Z6163_1000,313,0.1193,0.04274,sensitive,0.01764,1.01,0.0882,True,0.0505,True,0,True,False,True,16
Z6163_1000,333,0.1136,0.0523,sensitive,0.01764,1.01,0.0882,True,0.0505,True,0,True,False,True,16
Z6163_1000,340,0.0993,0.07594,sensitive,0.01764,1.01,0.0882,True,0.0505,True,0,True,False,True,16
Z6163_1000,342,1.01,1.0,sensitive,0.01764,1.01,0.0882,True,0.0505,True,0,True,False,True,16
Z6163_1000,346,0.1213,0.08436,sensitive,0.01764,1.01,0.0882,True,0.0505,True,0,True,False,True,16
Z6163_1000,350,0.2092,0.149,sensitive,0.01764,1.01,0.0882,True,0.0505,True,0,True,False,True,16
Z6163_1000,353,0.1032,0.08116,sensitive,0.01764,1.01,0.0882,True,0.0505,True,0,True,False,True,16
Z6163_1000,392,0.1384,0.1199,sensitive,0.01764,1.01,0.0882,True,0.0505,True,0,True,False,True,16
Z6163_1000,394,0.1378,0.0599,sensitive,0.01764,1.01,0.0882,True,0.0505,True,0,True,False,True,16
Z6163_1000,396,0.1627,0.1626,sensitive,0.01764,1.01,0.0882,True,0.0505,True,0,True,False,True,16
Z6163_1000,403,0.206,0.2049,sensitive,0.01764,1.01,0.0882,True,0.0505,True,0,True,False,True,16
Z6163_1000,406,0.09764,0.0755,sensitive,0.01764,1.01,0.0882,True,0.0505,True,0,True,False,True,16
ZV2_1000,342,1.654,0.5709,sensitive,0.2811,1.654,1.4055,True,0.0827,True,0,True,False,True,2
ZV2_1000,367,1.455,0.6789,sensitive,0.2811,1.654,1.4055,True,0.0827,True,0,True,False,True,2
ZV67_1000,311,0.2465,0.2451,sensitive,1.608e-05,1.449,8.039999999999999e-05,True,0.07245,True,0,True,False,True,3
ZV67_1000,370,0.3114,0.3114,sensitive,1.608e-05,1.449,8.039999999999999e-05,True,0.07245,True,0,True,False,True,3
ZV67_1000,394,1.449,0.5443,sensitive,1.608e-05,1.449,8.039999999999999e-05,True,0.07245,True,0,True,False,True,3
Z2029_1000,302,0.2981,0.09656,sensitive_max_mut,0.02859,0.5334,0.14295,True,0.02667,True,0,True,False,True,10
Z2029_1000,304,0.2046,0.1293,sensitive_max_mut,0.02859,0.5334,0.14295,True,0.02667,True,0,True,False,True,10
Z2029_1000,313,0.2505,0.07505,sensitive_max_mut,0.02859,0.5334,0.14295,True,0.02667,True,0,True,False,True,10
Z2029_1000,347,0.19,0.1092,sensitive_max_mut,0.02859,0.5334,0.14295,True,0.02667,True,0,True,False,True,10
Z2029_1000,349,0.1537,0.1224,sensitive_max_mut,0.02859,0.5334,0.14295,True,0.02667,True,0,True,False,True,10
Z2029_1000,351,0.1467,0.05922,sensitive_max_mut,0.02859,0.5334,0.14295,True,0.02667,True,0,True,False,True,10
Z2029_1000,378,0.3427,0.3333,sensitive_max_mut,0.02859,0.5334,0.14295,True,0.02667,True,0,True,False,True,10
Z2029_1000,386,0.1773,0.1769,sensitive_max_mut,0.02859,0.5334,0.14295,True,0.02667,True,0,True,False,True,10
Z2029_1000,398,0.5334,0.3866,sensitive_max_mut,0.02859,0.5334,0.14295,True,0.02667,True,0,True,False,True,10
Z2029_1000,406,0.2055,0.09467,sensitive_max_mut,0.02859,0.5334,0.14295,True,0.02667,True,0,True,False,True,10
Z2039_1000,299,0.2743,0.1324,sensitive_max_mut,0.02462,0.8619,0.1231,True,0.043095,True,0,True,False,True,12
Z2039_1000,302,0.289,0.102,sensitive_max_mut,0.02462,0.8619,0.1231,True,0.043095,True,0,True,False,True,12
Z2039_1000,304,0.1304,0.07852,sensitive_max_mut,0.02462,0.8619,0.1231,True,0.043095,True,0,True,False,True,12
Z2039_1000,307,0.1762,0.06054,sensitive_max_mut,0.02462,0.8619,0.1231,True,0.043095,True,0,True,False,True,12
Z2039_1000,311,0.1389,0.08977,sensitive_max_mut,0.02462,0.8619,0.1231,True,0.043095,True,0,True,False,True,12
Z2039_1000,313,0.22,0.07952,sensitive_max_mut,0.02462,0.8619,0.1231,True,0.043095,True,0,True,False,True,12
Z2039_1000,349,0.2232,0.1486,sensitive_max_mut,0.02462,0.8619,0.1231,True,0.043095,True,0,True,False,True,12
Z2039_1000,394,0.2664,0.193,sensitive_max_mut,0.02462,0.8619,0.1231,True,0.043095,True,0,True,False,True,12
Z2039_1000,395,0.2067,0.2064,sensitive_max_mut,0.02462,0.8619,0.1231,True,0.043095,True,0,True,False,True,12
Z2039_1000,396,0.2062,0.1373,sensitive_max_mut,0.02462,0.8619,0.1231,True,0.043095,True,0,True,False,True,12
Z2039_1000,398,0.8619,0.8139,sensitive_max_mut,0.02462,0.8619,0.1231,True,0.043095,True,0,True,True,True,12
Z2039_1000,407,0.1334,0.09033,sensitive_max_mut,0.02462,0.8619,0.1231,True,0.043095,True,0,True,False,True,12
Z2044_1000,302,0.399,0.1189,sensitive_max_mut,0.06157,1.009,0.30785,True,0.050449999999999995,True,0,True,False,True,9
Z2044_1000,304,0.5955,0.3811,sensitive_max_mut,0.06157,1.009,0.30785,True,0.050449999999999995,True,0,True,False,True,9
Z2044_1000,313,0.366,0.1745,sensitive_max_mut,0.06157,1.009,0.30785,True,0.050449999999999995,True,0,True,False,True,9
Z2044_1000,320,0.5048,0.5014,sensitive_max_mut,0.06157,1.009,0.30785,True,0.050449999999999995,True,0,True,True,True,9
Z2044_1000,350,1.009,0.8983,sensitive_max_mut,0.06157,1.009,0.30785,True,0.050449999999999995,True,0,True,True,True,9
Z2044_1000,398,0.743,0.6962,sensitive_max_mut,0.06157,1.009,0.30785,True,0.050449999999999995,True,0,True,True,True,9
Z2044_1000,399,0.6956,0.6956,sensitive_max_mut,0.06157,1.009,0.30785,True,0.050449999999999995,True,0,True,True,True,9
Z2044_1000,401,0.8166,0.7152,sensitive_max_mut,0.06157,1.009,0.30785,True,0.050449999999999995,True,0,True,True,True,9
Z2044_1000,405,0.47,0.289,sensitive_max_mut,0.06157,1.009,0.30785,True,0.050449999999999995,True,0,True,False,True,9
Z2102_1000,309,0.6636,0.5018,sensitive_max_mut,0.00413,1.284,0.02065,True,0.06420000000000001,True,0,True,True,True,6
Z2102_1000,335,1.284,0.6717,sensitive_max_mut,0.00413,1.284,0.02065,True,0.06420000000000001,True,0,True,True,True,6
Z2102_1000,368,0.8257,0.5782,sensitive_max_mut,0.00413,1.284,0.02065,True,0.06420000000000001,True,0,True,True,True,6
Z2102_1000,370,0.6046,0.6046,sensitive_max_mut,0.00413,1.284,0.02065,True,0.06420000000000001,True,0,True,True,True,6
Z2102_1000,394,0.1672,0.1217,sensitive_max_mut,0.00413,1.284,0.02065,True,0.06420000000000001,True,0,True,False,True,6
Z2102_1000,406,0.09895,0.09499,sensitive_max_mut,0.00413,1.284,0.02065,True,0.06420000000000001,True,0,True,False,True,6
Z2103_1000,307,0.2774,0.1903,sensitive_max_mut,0.008586,2.833,0.042929999999999996,True,0.14165000000000003,True,0,True,False,True,5
Z2103_1000,309,0.9939,0.5933,sensitive_max_mut,0.008586,2.833,0.042929999999999996,True,0.14165000000000003,True,0,True,True,True,5
Z2103_1000,366,0.2435,0.2423,sensitive_max_mut,0.008586,2.833,0.042929999999999996,True,0.14165000000000003,True,0,True,False,True,5
Z2103_1000,393,0.6388,0.6156,sensitive_max_mut,0.008586,2.833,0.042929999999999996,True,0.14165000000000003,True,0,True,True,True,5
Z2103_1000,394,2.833,1.0,sensitive_max_mut,0.008586,2.833,0.042929999999999996,True,0.14165000000000003,True,0,True,True,True,5
Z2131_1000,306,1.788,1.0,sensitive_max_mut,0.03126,1.788,0.15630000000000002,True,0.08940000000000001,True,0,True,True,True,9
Z2131_1000,307,0.3963,0.3346,sensitive_max_mut,0.03126,1.788,0.15630000000000002,True,0.08940000000000001,True,0,True,False,True,9
Z2131_1000,314,0.2407,0.2402,sensitive_max_mut,0.03126,1.788,0.15630000000000002,True,0.08940000000000001,True,0,True,False,True,9
Z2131_1000,335,0.7972,0.7283,sensitive_max_mut,0.03126,1.788,0.15630000000000002,True,0.08940000000000001,True,0,True,True,True,9
Z2131_1000,347,0.4982,0.3701,sensitive_max_mut,0.03126,1.788,0.15630000000000002,True,0.08940000000000001,True,0,True,False,True,9
Z2131_1000,352,0.1607,0.08528,sensitive_max_mut,0.03126,1.788,0.15630000000000002,True,0.08940000000000001,True,0,True,False,True,9
Z2131_1000,368,1.429,0.7234,sensitive_max_mut,0.03126,1.788,0.15630000000000002,True,0.08940000000000001,True,0,True,True,True,9
Z2131_1000,369,0.8822,0.8057,sensitive_max_mut,0.03126,1.788,0.15630000000000002,True,0.08940000000000001,True,0,True,True,True,9
Z2131_1000,370,0.6203,0.6203,sensitive_max_mut,0.03126,1.788,0.15630000000000002,True,0.08940000000000001,True,0,True,True,True,9
Z2208_1000,299,0.07174,0.04086,sensitive_max_mut,0.001578,1.005,0.00789,True,0.050249999999999996,True,0,True,False,True,8
Z2208_1000,302,0.07155,0.02154,sensitive_max_mut,0.001578,1.005,0.00789,True,0.050249999999999996,True,0,True,False,True,8
Z2208_1000,306,0.05251,0.03625,sensitive_max_mut,0.001578,1.005,0.00789,True,0.050249999999999996,True,0,True,False,True,8
Z2208_1000,313,0.08848,0.04297,sensitive_max_mut,0.001578,1.005,0.00789,True,0.050249999999999996,True,0,True,False,True,8
Z2208_1000,346,1.005,0.7685,sensitive_max_mut,0.001578,1.005,0.00789,True,0.050249999999999996,True,0,True,True,True,8
Z2208_1000,348,0.4756,0.4645,sensitive_max_mut,0.001578,1.005,0.00789,True,0.050249999999999996,True,0,True,False,True,8
Z2208_1000,349,0.1114,0.09515,sensitive_max_mut,0.001578,1.005,0.00789,True,0.050249999999999996,True,0,True,False,True,8
Z2208_1000,394,0.0582,0.0222,sensitive_max_mut,0.001578,1.005,0.00789,True,0.050249999999999996,True,0,True,False,True,8
Z2212_1000,316,2.0,1.0,sensitive_max_mut,6.402e-05,2.0,0.00032010000000000003,True,0.1,True,0,True,True,True,2
Z2212_1000,318,0.657,0.5399,sensitive_max_mut,6.402e-05,2.0,0.00032010000000000003,True,0.1,True,0,True,True,True,2
Z3022_1000,333,0.2798,0.2742,sensitive_max_mut,1.761e-05,0.8974,8.805e-05,True,0.04487,True,0,True,False,True,4
Z3022_1000,335,0.3899,0.3863,sensitive_max_mut,1.761e-05,0.8974,8.805e-05,True,0.04487,True,0,True,False,True,4
Z3022_1000,370,0.3922,0.3922,sensitive_max_mut,1.761e-05,0.8974,8.805e-05,True,0.04487,True,0,True,False,True,4
Z3022_1000,394,0.8974,0.8887,sensitive_max_mut,1.761e-05,0.8974,8.805e-05,True,0.04487,True,0,True,True,True,4
Z3039_1000,299,0.1615,0.04556,sensitive_max_mut,0.01992,0.2498,0.0996,True,0.012490000000000001,True,0,True,False,True,16
Z3039_1000,300,0.143,0.08136,sensitive_max_mut,0.01992,0.2498,0.0996,True,0.012490000000000001,True,0,True,False,True,16
Z3039_1000,302,0.2247,0.08159,sensitive_max_mut,0.01992,0.2498,0.0996,True,0.012490000000000001,True,0,True,False,True,16
Z3039_1000,304,0.2498,0.1541,sensitive_max_mut,0.01992,0.2498,0.0996,True,0.012490000000000001,True,0,True,False,True,16
Z3039_1000,306,0.1311,0.1046,sensitive_max_mut,0.01992,0.2498,0.0996,True,0.012490000000000001,True,0,True,False,True,16
Z3039_1000,313,0.1819,0.05813,sensitive_max_mut,0.01992,0.2498,0.0996,True,0.012490000000000001,True,0,True,False,True,16
Z3039_1000,333,0.1143,0.05859,sensitive_max_mut,0.01992,0.2498,0.0996,True,0.012490000000000001,True,0,True,False,True,16
Z3039_1000,340,0.1444,0.06929,sensitive_max_mut,0.01992,0.2498,0.0996,True,0.012490000000000001,True,0,True,False,True,16
Z3039_1000,347,0.1479,0.06675,sensitive_max_mut,0.01992,0.2498,0.0996,True,0.012490000000000001,True,0,True,False,True,16
Z3039_1000,350,0.1508,0.07142,sensitive_max_mut,0.01992,0.2498,0.0996,True,0.012490000000000001,True,0,True,False,True,16
Z3039_1000,355,0.107,0.1069,sensitive_max_mut,0.01992,0.2498,0.0996,True,0.012490000000000001,True,0,True,False,True,16
Z3039_1000,394,0.2336,0.1035,sensitive_max_mut,0.01992,0.2498,0.0996,True,0.012490000000000001,True,0,True,False,True,16
Z3039_1000,404,0.1699,0.06638,sensitive_max_mut,0.01992,0.2498,0.0996,True,0.012490000000000001,True,0,True,False,True,16
Z3039_1000,405,0.1855,0.06787,sensitive_max_mut,0.01992,0.2498,0.0996,True,0.012490000000000001,True,0,True,False,True,16
Z3039_1000,406,0.1905,0.09864,sensitive_max_mut,0.01992,0.2498,0.0996,True,0.012490000000000001,True,0,True,False,True,16
Z3039_1000,407,0.1263,0.07493,sensitive_max_mut,0.01992,0.2498,0.0996,True,0.012490000000000001,True,0,True,False,True,16
Z3051_1000,302,0.1695,0.04321,sensitive_max_mut,0.02678,3.0,0.13390000000000002,True,0.15000000000000002,True,0,True,False,True,8
Z3051_1000,307,0.1607,0.1245,sensitive_max_mut,0.02678,3.0,0.13390000000000002,True,0.15000000000000002,True,0,True,False,True,8
Z3051_1000,309,2.539,1.0,sensitive_max_mut,0.02678,3.0,0.13390000000000002,True,0.15000000000000002,True,0,True,True,True,8
Z3051_1000,340,0.343,0.2771,sensitive_max_mut,0.02678,3.0,0.13390000000000002,True,0.15000000000000002,True,0,True,False,True,8
Z3051_1000,347,0.8261,0.7105,sensitive_max_mut,0.02678,3.0,0.13390000000000002,True,0.15000000000000002,True,0,True,True,True,8
Z3051_1000,352,0.2085,0.1894,sensitive_max_mut,0.02678,3.0,0.13390000000000002,True,0.15000000000000002,True,0,True,False,True,8
Z3051_1000,393,1.937,1.0,sensitive_max_mut,0.02678,3.0,0.13390000000000002,True,0.15000000000000002,True,0,True,True,True,8
Z3051_1000,394,3.0,1.0,sensitive_max_mut,0.02678,3.0,0.13390000000000002,True,0.15000000000000002,True,0,True,True,True,8
Z6147_1000,312,0.2033,0.2033,sensitive_max_mut,0.00106,4.0,0.0053,True,0.2,True,0,True,False,True,10
Z6147_1000,344,0.4312,0.4312,sensitive_max_mut,0.00106,4.0,0.0053,True,0.2,True,0,True,False,True,10
Z6147_1000,346,0.2142,0.1029,sensitive_max_mut,0.00106,4.0,0.0053,True,0.2,True,0,True,False,True,10
Z6147_1000,347,4.0,1.0,sensitive_max_mut,0.00106,4.0,0.0053,True,0.2,True,0,True,True,True,10
Z6147_1000,348,1.11,1.0,sensitive_max_mut,0.00106,4.0,0.0053,True,0.2,True,0,True,True,True,10
Z6147_1000,349,1.005,1.0,sensitive_max_mut,0.00106,4.0,0.0053,True,0.2,True,0,True,True,True,10
Z6147_1000,369,1.035,1.0,sensitive_max_mut,0.00106,4.0,0.0053,True,0.2,True,0,True,True,True,10
Z6147_1000,386,0.6832,0.6829,sensitive_max_mut,0.00106,4.0,0.0053,True,0.2,True,0,True,True,True,10
Z6147_1000,398,0.7727,0.7266,sensitive_max_mut,0.00106,4.0,0.0053,True,0.2,True,0,True,True,True,10
Z6147_1000,399,1.0,1.0,sensitive_max_mut,0.00106,4.0,0.0053,True,0.2,True,0,True,True,True,10
Z6161_1000,299,0.1659,0.05905,sensitive_max_mut,0.02926,1.0,0.1463,True,0.05,True,0,True,False,True,9
Z6161_1000,300,0.1566,0.08298,sensitive_max_mut,0.02926,1.0,0.1463,True,0.05,True,0,True,False,True,9
Z6161_1000,302,0.2652,0.06937,sensitive_max_mut,0.02926,1.0,0.1463,True,0.05,True,0,True,False,True,9
Z6161_1000,304,0.1635,0.1181,sensitive_max_mut,0.02926,1.0,0.1463,True,0.05,True,0,True,False,True,9
Z6161_1000,313,0.2356,0.1133,sensitive_max_mut,0.02926,1.0,0.1463,True,0.05,True,0,True,False,True,9
Z6161_1000,331,0.4199,0.4199,sensitive_max_mut,0.02926,1.0,0.1463,True,0.05,True,0,True,False,True,9
Z6161_1000,347,0.2397,0.1802,sensitive_max_mut,0.02926,1.0,0.1463,True,0.05,True,0,True,False,True,9
Z6161_1000,350,0.1955,0.09964,sensitive_max_mut,0.02926,1.0,0.1463,True,0.05,True,0,True,False,True,9
Z6161_1000,355,1.0,1.0,sensitive_max_mut,0.02926,1.0,0.1463,True,0.05,True,0,True,True,True,9
Z6163_1000,299,0.1076,0.05733,sensitive_max_mut,0.01764,1.01,0.0882,True,0.0505,True,0,True,False,True,16
Z6163_1000,302,0.2389,0.1018,sensitive_max_mut,0.01764,1.01,0.0882,True,0.0505,True,0,True,False,True,16
Z6163_1000,307,0.2297,0.1798,sensitive_max_mut,0.01764,1.01,0.0882,True,0.0505,True,0,True,False,True,16
Z6163_1000,309,0.1984,0.1337,sensitive_max_mut,0.01764,1.01,0.0882,True,0.0505,True,0,True,False,True,16
Z6163_1000,313,0.1193,0.04274,sensitive_max_mut,0.01764,1.01,0.0882,True,0.0505,True,0,True,False,True,16
Z6163_1000,333,0.1136,0.0523,sensitive_max_mut,0.01764,1.01,0.0882,True,0.0505,True,0,True,False,True,16
Z6163_1000,340,0.0993,0.07594,sensitive_max_mut,0.01764,1.01,0.0882,True,0.0505,True,0,True,False,True,16
Z6163_1000,342,1.01,1.0,sensitive_max_mut,0.01764,1.01,0.0882,True,0.0505,True,0,True,True,True,16
Z6163_1000,346,0.1213,0.08436,sensitive_max_mut,0.01764,1.01,0.0882,True,0.0505,True,0,True,False,True,16
Z6163_1000,350,0.2092,0.149,sensitive_max_mut,0.01764,1.01,0.0882,True,0.0505,True,0,True,False,True,16
Z6163_1000,353,0.1032,0.08116,sensitive_max_mut,0.01764,1.01,0.0882,True,0.0505,True,0,True,False,True,16
Z6163_1000,392,0.1384,0.1199,sensitive_max_mut,0.01764,1.01,0.0882,True,0.0505,True,0,True,False,True,16
Z6163_1000,394,0.1378,0.0599,sensitive_max_mut,0.01764,1.01,0.0882,True,0.0505,True,0,True,False,True,16
Z6163_1000,396,0.1627,0.1626,sensitive_max_mut,0.01764,1.01,0.0882,True,0.0505,True,0,True,False,True,16
Z6163_1000,403,0.206,0.2049,sensitive_max_mut,0.01764,1.01,0.0882,True,0.0505,True,0,True,False,True,16
Z6163_1000,406,0.09764,0.0755,sensitive_max_mut,0.01764,1.01,0.0882,True,0.0505,True,0,True,False,True,16
ZV2_1000,316,1.194,0.5034,sensitive_max_mut,0.2811,1.654,1.4055,False,0.0827,True,0,True,True,True,12
ZV2_1000,318,1.162,0.6494,sensitive_max_mut,0.2811,1.654,1.4055,False,0.0827,True,0,True,True,True,12
ZV2_1000,319,1.243,0.6087,sensitive_max_mut,0.2811,1.654,1.4055,False,0.0827,True,0,True,True,True,12
ZV2_1000,327,1.156,0.8138,sensitive_max_mut,0.2811,1.654,1.4055,False,0.0827,True,0,True,True,True,12
ZV2_1000,342,1.654,0.5709,sensitive_max_mut,0.2811,1.654,1.4055,True,0.0827,True,0,True,True,True,12
ZV2_1000,351,1.275,0.6284,sensitive_max_mut,0.2811,1.654,1.4055,False,0.0827,True,0,True,True,True,12
ZV2_1000,354,0.5636,0.5634,sensitive_max_mut,0.2811,1.654,1.4055,False,0.0827,True,0,True,True,True,12
ZV2_1000,363,1.345,0.5635,sensitive_max_mut,0.2811,1.654,1.4055,False,0.0827,True,0,True,True,True,12
ZV2_1000,366,1.055,0.6117,sensitive_max_mut,0.2811,1.654,1.4055,False,0.0827,True,0,True,True,True,12
ZV2_1000,367,1.455,0.6789,sensitive_max_mut,0.2811,1.654,1.4055,True,0.0827,True,0,True,True,True,12
ZV2_1000,373,0.9035,0.5306,sensitive_max_mut,0.2811,1.654,1.4055,False,0.0827,True,0,True,True,True,12
ZV2_1000,375,1.0,1.0,sensitive_max_mut,0.2811,1.654,1.4055,False,0.0827,True,0,True,True,True,12
ZV67_1000,311,0.2465,0.2451,sensitive_max_mut,1.608e-05,1.449,8.039999999999999e-05,True,0.07245,True,0,True,False,True,3
ZV67_1000,370,0.3114,0.3114,sensitive_max_mut,1.608e-05,1.449,8.039999999999999e-05,True,0.07245,True,0,True,False,True,3
ZV67_1000,394,1.449,0.5443,sensitive_max_mut,1.608e-05,1.449,8.039999999999999e-05,True,0.07245,True,0,True,True,True,3
