site,subdomain,shelly_mabs
299,#E69F00,#808080
300,#E69F00,#808080
301,#E69F00,#66CCEE
302,#E69F00,#808080
303,#E69F00,#808080
304,#E69F00,#808080
305,#E69F00,#808080
306,#E69F00,#808080
307,#E69F00,#004488
308,#E69F00,#808080
309,#E69F00,#E69F00
310,#E69F00,#E69F00
311,#E69F00,#E69F00
312,#E69F00,#E69F00
313,#E69F00,#E69F00
314,#E69F00,#E69F00
315,#E69F00,#66CCEE
316,#E69F00,#66CCEE
317,#E69F00,#66CCEE
318,#E69F00,#66CCEE
319,#E69F00,#66CCEE
320,#E69F00,#66CCEE
321,#E69F00,#66CCEE
322,#E69F00,#66CCEE
323,#E69F00,#808080
324,#E69F00,#808080
325,#E69F00,#808080
326,#E69F00,#808080
327,#E69F00,#66CCEE
328,#E69F00,#808080
329,#E69F00,#66CCEE
330,#E69F00,#808080
331,#E69F00,#E69F00
332,#E69F00,#E69F00
333,#E69F00,#E69F00
334,#E69F00,#E69F00
335,#E69F00,#E69F00
336,#E69F00,#E69F00
337,#E69F00,#E69F00
338,#E69F00,#808080
339,#E69F00,#808080
340,#E69F00,#004488
341,#E69F00,#808080
342,#E69F00,#004488
343,#E69F00,#004488
344,#E69F00,#004488
345,#E69F00,#808080
346,#E69F00,#808080
347,#E69F00,#004488
348,#E69F00,#004488
349,#E69F00,#808080
350,#E69F00,#004488
351,#E69F00,#004488
352,#E69F00,#004488
353,#E69F00,#004488
354,#E69F00,#004488
355,#E69F00,#004488
356,#E69F00,#808080
357,#E69F00,#808080
358,#E69F00,#004488
359,#E69F00,#808080
360,#E69F00,#808080
361,#E69F00,#808080
362,#E69F00,#66CCEE
363,#E69F00,#808080
364,#E69F00,#66CCEE
365,#E69F00,#66CCEE
366,#E69F00,#66CCEE
367,#E69F00,#66CCEE
368,#E69F00,#E69F00
369,#E69F00,#808080
370,#E69F00,#E69F00
371,#E69F00,#E69F00
372,#E69F00,#66CCEE
373,#E69F00,#66CCEE
374,#E69F00,#66CCEE
375,#E69F00,#66CCEE
376,#E69F00,#808080
377,#E69F00,#66CCEE
378,#E69F00,#808080
379,#E69F00,#808080
380,#E69F00,#808080
381,#E69F00,#808080
382,#E69F00,#808080
383,#E69F00,#808080
384,#E69F00,#004488
385,#004488,#808080
386,#E69F00,#004488
387,#E69F00,#808080
388,#E69F00,#808080
389,#E69F00,#808080
390,#E69F00,#808080
391,#E69F00,#004488
392,#E69F00,#808080
393,#E69F00,#E69F00
394,#E69F00,#E69F00
395,#E69F00,#E69F00
396,#E69F00,#E69F00
397,#E69F00,#E69F00
398,#E69F00,#808080
399,#E69F00,#808080
400,#E69F00,#808080
401,#E69F00,#808080
402,#E69F00,#808080
403,#E69F00,#808080
404,#E69F00,#808080
405,#66CCEE,#808080
406,#66CCEE,#808080
407,#66CCEE,#808080
